Type,Name,Request Count,Failure Count,Median Response Time,Average Response Time,Min Response Time,Max Response Time,Average Content Size,Requests/s,Failures/s,50%,66%,75%,80%,90%,95%,98%,99%,99.9%,99.99%,100%
POST,00A_Register,256,0,240.0,340.73349570315514,54.064100000687176,825.6197999999131,33.0,0.41936773925187276,0.0,240,330,470,590,810,820,820,820,830,830,830
POST,00b_PostAddress,256,0,110.0,160.64006796865016,19.8830999997881,6536.38409999985,33.0,0.41936773925187276,0.0,110,140,150,150,200,470,470,590,6500,6500,6500
POST,00c_PostCard,255,0,110.0,191.84863058824916,20.87019999999029,6326.421900001151,33.0,0.4177295840204201,0.0,110,140,160,190,390,540,760,790,6300,6300,6300
GET,01_Home,81434,2,65,73.6991126826601,17.303099999480764,3325.1569000003656,8648.787852739642,133.4015331181133,0.003276310462905256,65,75,82,87,100,120,140,170,780,3200,3300
POST,03_AddToCart,81360,0,120.0,130.76967986111492,35.2591000009852,6330.891899999187,0.0,133.2803096309858,0.0,120,140,150,160,180,210,250,320,610,830,6300
POST,04_Checkout,81268,0,190.0,204.998920337649,43.54630000125326,3324.556899999152,591.9996062410789,133.12959934969217,0.0,190,220,240,250,290,330,390,490,900,3300,3300
DELETE,05_CleanupCart,81221,8,96,103.30685828542246,30.640799999673618,3316.3344000004145,0.0010834636362517082,133.0526060538139,0.013105241851621024,96,110,120,120,140,160,190,250,680,3200,3300
,Aggregated,326050,10,110.0,128.41234879190426,17.303099999480764,6536.38409999985,2307.748544701733,534.1205132151293,0.01638155231452628,110,140,160,170,220,260,320,390,790,3300,6500
