Type,Name,Request Count,Failure Count,Median Response Time,Average Response Time,Min Response Time,Max Response Time,Average Content Size,Requests/s,Failures/s,50%,66%,75%,80%,90%,95%,98%,99%,99.9%,99.99%,100%
POST,00A_Register,200,0,150.0,156.35328249999475,45.557800000096904,1024.3406999998115,33.0,0.1657092539487638,0.0,150,170,180,190,210,230,250,730,1000,1000,1000
POST,00b_PostAddress,200,0,83,100.8110769999621,24.001899999348097,889.1655000006722,33.0,0.1657092539487638,0.0,83,100,110,120,140,160,220,680,890,890,890
POST,00c_PostCard,200,0,84,93.15662550000525,25.267600000006496,413.012300000446,33.0,0.1657092539487638,0.0,84,99,110,120,140,160,190,270,410,410,410
GET,01_Home,170859,1,71,79.1530211689164,15.126199999940582,1000.4827000002479,8648.949443693338,141.56458710215915,0.000828546269743819,71,82,90,96,120,140,200,280,490,790,1000
POST,03_AddToCart,170801,0,110.0,124.19870300349602,27.93870000004972,1013.7334000000919,0.0,141.51653141851403,0.0,110,130,150,150,180,210,270,340,490,950,1000
POST,04_Checkout,170758,0,190.0,204.88687721219551,42.940899999848625,1075.8359999999811,592.0,141.48090392891504,0.0,190,220,240,250,290,330,380,430,620,880,1100
DELETE,05_CleanupCart,170707,0,89,97.85260396175786,21.428199999718345,997.218200000134,0.0,141.4386480691581,0.0,89,100,110,120,140,160,220,300,520,870,1000
,Aggregated,683725,1,110.0,126.50924093180718,15.126199999940582,1075.8359999999811,2309.2023679110753,566.4977982805926,0.000828546269743819,110,140,160,180,220,270,330,370,560,880,1100
