Type,Name,Request Count,Failure Count,Median Response Time,Average Response Time,Min Response Time,Max Response Time,Average Content Size,Requests/s,Failures/s,50%,66%,75%,80%,90%,95%,98%,99%,99.9%,99.99%,100%
POST,00A_Register,209,0,200.0,434.50395598086,52.66499999925145,6091.34610000001,33.0,0.20771662625488013,0.0,200,240,300,320,540,1900,3000,6100,6100,6100,6100
POST,00b_PostAddress,209,0,120.0,291.26375071772554,27.87480000006326,6072.812699998394,33.0,0.20771662625488013,0.0,120,150,160,160,190,700,1900,6100,6100,6100,6100
POST,00c_PostCard,209,0,130.0,174.85608421047277,36.76909999921918,1959.9438999994163,33.0,0.20771662625488013,0.0,130,150,160,170,240,500,980,1000,2000,2000,2000
GET,01_Home,90186,0,130.0,200.78546216485677,18.802899998263456,11366.645500000232,8649.0,89.63220887762019,0.0,130,180,230,270,470,600,720,790,2700,11000,11000
POST,03_AddToCart,90105,1,170.0,236.50640034293613,33.730900000591646,11380.400800000643,0.00012207979579379613,89.55170626170323,0.0009938594557649767,170,220,260,310,510,630,760,850,1500,8400,11000
POST,04_Checkout,90035,1,230.0,302.21793596268157,47.609100000045146,8458.058700000038,591.9922363525295,89.48213609979967,0.0009938594557649767,230,280,320,360,570,740,930,1000,2200,8500,8500
DELETE,05_CleanupCart,90001,1,150.0,221.17730406106259,26.55360000062501,11380.241199998636,0.0,89.44834487830367,0.0009938594557649767,150,200,250,290,500,620,750,860,1900,11000,11000
,Aggregated,360954,3,170.0,240.26066388847252,18.802899998263456,11380.400800000643,2308.7136781972217,358.7375459961914,0.00298157836729493,170,230,280,320,510,640,790,910,2000,11000,11000
