Type,Name,Request Count,Failure Count,Median Response Time,Average Response Time,Min Response Time,Max Response Time,Average Content Size,Requests/s,Failures/s,50%,66%,75%,80%,90%,95%,98%,99%,99.9%,99.99%,100%
POST,00A_Register,244,0,190.0,185.37886352458992,61.094499999999385,397.2399000000024,33.0,0.23950574064803606,0.0,190,210,230,240,260,270,290,310,400,400,400
POST,00b_PostAddress,244,0,120.0,114.45664713114726,20.668399999998144,240.70290000000227,33.0,0.23950574064803606,0.0,120,130,130,140,150,160,190,240,240,240,240
POST,00c_PostCard,244,0,110.0,116.05816721311471,20.599699999998222,232.29850000001306,33.0,0.23950574064803606,0.0,110,130,150,160,190,190,220,230,230,230,230
GET,01_Home,144497,0,63,67.63671660242073,16.85200000000009,6868.091100000001,8649.0,141.83549592794782,0.0,63,73,79,84,98,110,130,140,230,600,6900
POST,03_AddToCart,144448,0,120.0,131.1675198507422,36.46759999999816,6918.2323,0.0,141.78739846363735,0.0,120,140,150,160,180,200,230,250,340,6900,6900
POST,04_Checkout,144376,0,190.0,200.04769243572332,45.3550000000007,6937.188500000005,592.0,141.7167246385281,0.0,190,210,230,240,280,310,350,380,490,6900,6900
DELETE,05_CleanupCart,144287,0,97,102.95818149521459,27.213599999999616,6862.298800000005,0.0,141.6293639380458,0.0,97,110,120,120,140,160,180,200,300,6800,6900
,Aggregated,578340,0,110.0,125.46128467717953,16.85200000000009,6937.188500000005,2308.7618027457897,567.6875001901032,0.0,110,140,160,170,210,250,290,320,420,6900,6900
