Type,Name,Request Count,Failure Count,Median Response Time,Average Response Time,Min Response Time,Max Response Time,Average Content Size,Requests/s,Failures/s,50%,66%,75%,80%,90%,95%,98%,99%,99.9%,99.99%,100%
POST,00A_Register,200,0,160.0,163.10391200000026,57.16399999994337,313.5950999999295,33.0,0.3253451188157992,0.0,160,180,200,210,230,250,260,290,310,310,310
POST,00b_PostAddress,200,0,93,95.6052675000024,24.329200000011042,214.34099999999034,33.0,0.3253451188157992,0.0,93,110,120,120,150,160,180,200,210,210,210
POST,00c_PostCard,200,0,85,99.59427849999598,19.32339999996202,386.47420000006605,33.0,0.3253451188157992,0.0,85,120,130,130,150,180,220,370,390,390,390
GET,01_Home,84183,3,68,72.72787811553407,15.45099999998456,659.3910000000278,8648.692170628274,136.94264068635212,0.004880176782236988,68,79,85,90,100,120,140,160,360,440,660
POST,03_AddToCart,84155,3,120.0,124.68010569306657,29.673600000023725,550.6012000000737,0.00039213356306814806,136.8970923697179,0.004880176782236988,120,130,150,150,180,200,240,290,440,550,550
POST,04_Checkout,84053,0,190.0,202.7701969983226,40.646700000024794,821.3809999999739,591.9957883716227,136.73116635912186,0.0,190,220,240,250,290,330,370,420,550,670,820
DELETE,05_CleanupCart,84026,3,93,98.3594208852028,26.313400000049114,754.1874000000917,0.0,136.6872447680817,0.004880176782236988,93,110,110,120,140,150,180,230,400,480,750
,Aggregated,337017,9,110.0,124.60723944845542,15.45099999998456,821.3809999999739,2308.0488758727306,548.234179539721,0.014640530346710964,110,130,160,170,220,260,310,350,490,640,820
