Type,Name,Request Count,Failure Count,Median Response Time,Average Response Time,Min Response Time,Max Response Time,Average Content Size,Requests/s,Failures/s,50%,66%,75%,80%,90%,95%,98%,99%,99.9%,99.99%,100%
POST,00A_Register,457,1,270.0,306.9297702406892,58.59870000040246,959.5036000000619,32.951859956236326,0.5842564351129681,0.0012784604707067136,270,350,430,480,590,600,600,610,960,960,960
POST,00b_PostAddress,457,0,150.0,172.44941794309554,19.791300000179035,962.200799999664,33.11597374179431,0.5842564351129681,0.0,150,220,250,260,300,310,320,430,960,960,960
POST,00c_PostCard,457,0,120.0,133.11839431069458,19.50070000020787,783.6772000000565,33.11597374179431,0.5842564351129681,0.0,120,150,170,170,200,230,290,300,780,780,780
GET,01_Home,131631,1,91,94.14593741443743,17.54979999986972,5986.87130000053,8648.934377160396,168.28503021959543,0.0012784604707067136,91,100,110,120,130,150,170,190,320,780,6000
POST,03_AddToCart,131514,0,230.0,232.3270763447266,38.3601000003182,6018.867799999498,0.0,168.13545034452272,0.0,230,250,270,280,320,350,400,430,530,640,6000
POST,04_Checkout,131417,8,330.0,340.3546902721867,45.689199999287666,6293.653200000335,591.966389432113,168.01143967886418,0.010227683765653708,330,360,390,410,470,530,600,660,790,6100,6300
DELETE,05_CleanupCart,131284,1,160.0,167.23312989701733,30.48930000022665,887.8180000001521,0.0,167.84140443626018,0.0012784604707067136,160,180,190,200,230,260,290,320,420,530,890
,Aggregated,527217,11,190.0,208.4722703522461,17.54979999986972,6293.653200000335,2307.034209822521,674.0260939845814,0.014063065177773849,190,240,270,300,360,420,500,550,720,890,6300
