Type,Name,Request Count,Failure Count,Median Response Time,Average Response Time,Min Response Time,Max Response Time,Average Content Size,Requests/s,Failures/s,50%,66%,75%,80%,90%,95%,98%,99%,99.9%,99.99%,100%
POST,00A_Register,202,0,210.0,214.62660594059764,56.054899999935515,437.5080000000935,33.0,0.3236435870530396,0.0,210,250,280,300,340,360,380,400,440,440,440
POST,00b_PostAddress,202,0,110.0,120.68723019802185,26.82520000007571,829.995800000006,33.0,0.3236435870530396,0.0,110,130,140,150,170,200,240,290,830,830,830
POST,00c_PostCard,202,0,120.0,125.25188118811376,29.562699999928554,249.19539999996232,33.0,0.3236435870530396,0.0,120,150,160,180,190,220,230,230,250,250,250
GET,01_Home,119547,0,120.0,118.61592808351534,15.657099999998536,5062.890899999957,8649.0,191.53772228430557,0.0,120,130,140,150,170,180,200,220,300,660,5100
POST,03_AddToCart,119529,0,240.0,241.82509765496238,30.603500000097483,5144.989799999962,0.0,191.5088827567464,0.0,240,270,280,290,310,340,360,380,590,5000,5100
POST,04_Checkout,119378,2,390.0,399.12298500226126,41.14930000002914,5224.804199999994,591.9902327061938,191.26695116444438,0.003204391951020194,390,440,470,490,540,590,650,690,860,5200,5200
DELETE,05_CleanupCart,119363,1,170.0,175.62184388629632,25.349100000084945,5062.643600000001,9.215586069384985e-05,191.24291822481172,0.001602195975510097,170,190,200,210,230,250,280,300,420,5000,5100
,Aggregated,478423,3,200.0,233.65845409292598,15.657099999998536,5224.804199999994,2308.94547711962,766.5274051914672,0.004806587926530291,200,260,300,330,420,490,560,610,770,5000,5200
