Type,Name,Request Count,Failure Count,Median Response Time,Average Response Time,Min Response Time,Max Response Time,Average Content Size,Requests/s,Failures/s,50%,66%,75%,80%,90%,95%,98%,99%,99.9%,99.99%,100%
POST,00A_Register,200,0,140.0,168.12923550000033,55.85159999999689,1018.0694000000017,33.0,0.30872267525573655,0.0,150,170,180,190,210,240,900,1000,1000,1000,1000
POST,00b_PostAddress,200,0,91,174.31965200000016,22.833800000000792,918.46910000001,33.0,0.30872267525573655,0.0,91,110,130,140,490,820,850,890,920,920,920
POST,00c_PostCard,200,0,85,192.8310209999994,22.331199999996443,2569.1439,33.0,0.30872267525573655,0.0,85,110,130,140,720,820,860,910,2600,2600,2600
GET,01_Home,85795,0,61,68.20968069234807,16.31270000000029,2554.63499999999,8649.0,132.43430961782957,0.0,61,70,76,81,93,100,120,140,820,1100,2600
POST,03_AddToCart,85733,0,130.0,143.47120061469894,38.29749999999876,1101.6043999999852,0.0,132.3386055885003,0.0,130,150,160,170,190,220,260,440,870,1000,1100
POST,04_Checkout,85683,0,190.0,204.61032796003852,45.99160000000779,2624.223499999999,592.0,132.26142491968636,0.0,190,210,230,240,280,320,390,560,970,2500,2600
DELETE,05_CleanupCart,85639,0,100.0,112.27908951529092,32.72509999999329,2478.9942000000165,0.0,132.1935059311301,0.0,100,120,120,130,150,170,200,260,850,1200,2500
,Aggregated,343450,0,120.0,132.20677727937095,16.31270000000029,2624.223499999999,2308.2984160722085,530.1540140829136,0.0,120,140,160,180,220,250,320,430,880,1100,2600
