Type,Name,Request Count,Failure Count,Median Response Time,Average Response Time,Min Response Time,Max Response Time,Average Content Size,Requests/s,Failures/s,50%,66%,75%,80%,90%,95%,98%,99%,99.9%,99.99%,100%
POST,00A_Register,202,0,220.0,218.77162475247493,53.16360000000042,521.4236000000056,33.0,0.3218617114683907,0.0,230,250,260,270,320,360,400,420,520,520,520
POST,00b_PostAddress,202,0,130.0,135.11839801980207,34.24310000000119,545.9591000000046,33.0,0.3218617114683907,0.0,130,160,170,170,190,190,240,500,550,550,550
POST,00c_PostCard,202,0,120.0,131.82238069306936,52.13239999999786,385.9712000000002,33.0,0.3218617114683907,0.0,120,150,160,170,210,230,270,280,390,390,390
GET,01_Home,124351,0,120.0,120.51483765389898,18.16559999999967,712.1735000000058,8649.0,198.13775090497947,0.0,120,130,140,150,170,180,200,220,510,610,710
POST,03_AddToCart,124298,0,230.0,226.75001704613132,30.163799999996854,862.4512000000095,0.0,198.05330204008925,0.0,230,250,260,270,290,310,340,370,610,840,860
POST,04_Checkout,124219,0,380.0,386.9200546502545,44.77029999999971,7470.9448,592.0,197.92742543015854,0.0,380,430,450,470,530,570,620,650,850,1000,7500
DELETE,05_CleanupCart,124180,0,160.0,165.5759533089065,23.45240000000004,808.9858000000021,0.0,197.8652838125978,0.0,160,180,190,200,220,240,260,280,520,670,810
,Aggregated,497654,0,190.0,224.8406970543792,18.16559999999967,7470.9448,2308.972589389415,792.9493473222302,0.0,190,240,280,320,410,480,540,590,730,960,7500
