Type,Name,Request Count,Failure Count,Median Response Time,Average Response Time,Min Response Time,Max Response Time,Average Content Size,Requests/s,Failures/s,50%,66%,75%,80%,90%,95%,98%,99%,99.9%,99.99%,100%
POST,00A_Register,220,0,260.0,254.8673486363792,64.38129999969533,531.9227999998475,33.0,0.3381279080071757,0.0,260,300,340,360,390,400,450,490,530,530,530
POST,00b_PostAddress,220,0,140.0,149.3144718181611,21.70430000023771,479.6091999996861,33.0,0.3381279080071757,0.0,140,170,180,200,260,280,340,460,480,480,480
POST,00c_PostCard,220,0,140.0,322.54178227270904,31.720400000267546,9611.6892,33.0,0.3381279080071757,0.0,140,170,190,200,260,320,450,9600,9600,9600,9600
GET,01_Home,123626,0,130.0,128.84944010321485,15.15300000028219,9936.140299999806,8649.0,190.0063670695232,0.0,130,140,150,160,180,200,220,250,370,1300,9900
POST,03_AddToCart,123549,0,280.0,277.17956711021657,32.02450000026147,9608.543899999859,0.0,189.8880223017207,0.0,280,310,330,340,370,400,440,480,600,1400,9600
POST,04_Checkout,123453,0,430.0,435.20988480717455,43.09250000005704,9608.308800000032,592.0,189.74047557822664,0.0,430,480,510,530,600,660,730,780,960,9600,9600
DELETE,05_CleanupCart,123426,0,200.0,206.41410330643524,27.59169999990263,9936.544099999992,0.0,189.69897806224395,0.0,200,220,240,240,270,300,330,360,590,9600,9900
,Aggregated,494714,0,230.0,261.8464636850793,15.15300000028219,9936.544099999992,2309.1063321434203,760.348226735736,0.0,230,290,340,370,460,540,620,680,870,9600,9900
