Type,Name,Request Count,Failure Count,Median Response Time,Average Response Time,Min Response Time,Max Response Time,Average Content Size,Requests/s,Failures/s,50%,66%,75%,80%,90%,95%,98%,99%,99.9%,99.99%,100%
POST,00A_Register,200,0,160.0,184.71645250000293,57.093600000030165,1018.4424999999919,33.0,0.33332085497204916,0.0,160,180,200,210,230,330,710,730,1000,1000,1000
POST,00b_PostAddress,200,0,96,113.98390300000011,21.891700000082892,766.2652999999864,33.0,0.33332085497204916,0.0,96,110,120,120,150,160,580,750,770,770,770
POST,00c_PostCard,200,0,98,202.29449850000714,21.742799999969975,876.722500000028,33.0,0.33332085497204916,0.0,99,120,150,200,680,730,790,830,880,880,880
GET,01_Home,82979,1,55,61.668382561852674,17.048799999997755,980.4903000000422,8648.895901372636,138.29315612362834,0.0016666042748602458,55,65,70,77,88,99,110,130,690,940,980
POST,03_AddToCart,82907,1,96,107.74472850422752,27.62439999992239,2699.90150000001,0.00013267878466233248,138.17316061583838,0.0016666042748602458,96,110,130,130,160,180,210,460,800,2000,2700
POST,04_Checkout,82845,0,190.0,209.23789874222928,44.45889999999508,2069.1766999999572,591.9985756533285,138.06983115079706,0.0,190,220,240,260,320,390,540,660,840,1100,2100
DELETE,05_CleanupCart,82817,1,74,80.3741869459164,22.688000000016473,827.8976000000284,0.0,138.02316623110096,0.0016666042748602458,74,84,94,97,110,130,150,170,630,760,830
,Aggregated,332148,3,87,114.83084244102025,17.048799999997755,2699.90150000001,2308.4307778460206,553.5592766862809,0.004999812824580737,87,110,140,160,210,270,370,510,800,1100,2700
