Type,Name,Request Count,Failure Count,Median Response Time,Average Response Time,Min Response Time,Max Response Time,Average Content Size,Requests/s,Failures/s,50%,66%,75%,80%,90%,95%,98%,99%,99.9%,99.99%,100%
POST,00A_Register,210,0,220.0,229.3288938095244,64.03310000000317,636.4863999999955,33.0,0.3499041920973267,0.0,230,260,280,300,340,360,440,460,640,640,640
POST,00b_PostAddress,210,0,120.0,132.61364904761857,21.667600000000675,976.321200000001,33.0,0.3499041920973267,0.0,120,140,160,160,180,190,250,940,980,980,980
POST,00c_PostCard,210,0,120.0,130.5542461904764,32.681599999996536,950.4038999999977,33.0,0.3499041920973267,0.0,120,140,160,170,200,220,250,260,950,950,950
GET,01_Home,121357,0,120.0,120.06503513435571,17.293299999998624,9023.731499999996,8649.0,202.206300192168,0.0,120,130,140,150,170,180,200,220,280,340,9000
POST,03_AddToCart,121314,0,240.0,237.36613185040468,38.01610000000011,9023.012,0.0,202.13465314330998,0.0,240,260,270,280,310,330,350,370,470,520,9000
POST,04_Checkout,121202,0,350.0,353.6991718791769,43.721100000006174,9152.286199999999,592.0,201.9480375741914,0.0,350,380,410,420,460,500,550,590,680,790,9200
DELETE,05_CleanupCart,121174,0,170.0,172.16487398534346,27.317899999999895,9064.628599999998,0.0,201.90138368191174,0.0,170,190,200,200,230,250,270,290,350,440,9100
,Aggregated,485677,0,200.0,220.7247721926301,17.293299999998624,9152.286199999999,2308.9194402864455,809.2400871678731,0.0,200,250,280,310,370,420,480,520,630,740,9200
