Type,Name,Request Count,Failure Count,Median Response Time,Average Response Time,Min Response Time,Max Response Time,Average Content Size,Requests/s,Failures/s,50%,66%,75%,80%,90%,95%,98%,99%,99.9%,99.99%,100%
POST,00A_Register,202,0,230.0,234.3490549504947,52.4754999999999,1244.7337999999775,33.0,0.3366185504496226,0.0,230,250,280,300,340,410,610,630,1200,1200,1200
POST,00b_PostAddress,202,0,130.0,144.00264702970287,29.258899999987875,739.3778999999938,33.0,0.3366185504496226,0.0,130,150,160,180,210,240,390,740,740,740,740
POST,00c_PostCard,202,0,120.0,129.0701915841578,37.500799999989454,325.8318999999972,33.0,0.3366185504496226,0.0,120,150,170,170,190,220,240,250,330,330,330
GET,01_Home,122339,0,110.0,118.11205930243001,16.801000000000954,6577.173999999999,8649.0,203.8691922943385,0.0,110,130,140,150,160,180,200,220,730,1800,6600
POST,03_AddToCart,122300,0,230.0,233.27636486017985,30.50890000000095,6502.809999999997,0.0,203.80420158410317,0.0,230,250,270,270,300,320,350,380,1200,3700,6500
POST,04_Checkout,122194,0,350.0,355.5679818722687,47.281100000006404,3770.7584999999995,592.0,203.6275601665405,0.0,350,380,410,420,460,510,560,620,1400,2200,3800
DELETE,05_CleanupCart,122148,0,170.0,169.74120153502284,23.04530000000682,3688.159899999988,0.0,203.55090445703217,0.0,170,180,190,200,220,240,260,290,1100,3700,3700
,Aggregated,489587,0,190.0,219.09023754695295,16.801000000000954,6577.173999999999,2309.025478617692,815.8617141533632,0.0,190,240,280,310,370,430,480,530,1200,3700,6600
