Type,Name,Request Count,Failure Count,Median Response Time,Average Response Time,Min Response Time,Max Response Time,Average Content Size,Requests/s,Failures/s,50%,66%,75%,80%,90%,95%,98%,99%,99.9%,99.99%,100%
POST,00A_Register,212,0,250.0,341.8134297169699,54.713699999979326,6771.165099999962,33.0,0.327445649021768,0.0,250,290,320,340,380,440,2800,2800,6800,6800,6800
POST,00b_PostAddress,210,0,120.0,150.9158514285749,26.55919999995149,2638.004599999931,33.0,0.32435653912533624,0.0,120,140,160,180,200,260,700,960,2600,2600,2600
POST,00c_PostCard,210,0,120.0,201.79055238095316,30.42999999991025,7472.83230000005,33.0,0.32435653912533624,0.0,120,140,160,180,230,670,970,1600,7500,7500,7500
GET,01_Home,121532,0,120.0,121.87643866718284,15.653799999995499,7385.382800000002,8649.0,187.71285196657314,0.0,120,130,140,150,170,190,210,220,870,2200,7400
POST,03_AddToCart,121451,0,260.0,271.4368662761112,35.32340000003842,7702.73480000003,0.0,187.58774301576767,0.0,260,290,310,320,350,380,420,470,1800,2700,7700
POST,04_Checkout,121385,0,360.0,367.5872704213864,48.42540000004192,6741.202399999906,592.0,187.4858023891854,0.0,360,390,420,430,480,530,600,650,1700,2500,6700
DELETE,05_CleanupCart,121333,0,190.0,197.0095862955669,27.850800000010167,7607.01819999997,0.0,187.40548553187818,0.0,190,210,220,230,260,290,320,360,1600,2600,7600
,Aggregated,486333,0,220.0,239.4409672718077,15.653799999995499,7702.73480000003,2309.140124153615,751.1680416306768,0.0,220,280,310,330,390,440,510,570,1700,2700,7700
