Type,Name,Request Count,Failure Count,Median Response Time,Average Response Time,Min Response Time,Max Response Time,Average Content Size,Requests/s,Failures/s,50%,66%,75%,80%,90%,95%,98%,99%,99.9%,99.99%,100%
POST,00A_Register,211,0,260.0,255.8636616113746,70.12570000000196,1029.7841000000005,33.0,0.3509820603939969,0.0,260,290,310,320,360,420,460,860,1000,1000,1000
POST,00b_PostAddress,211,0,130.0,148.7300971563974,39.10619999999909,923.9685999999949,33.0,0.3509820603939969,0.0,130,150,170,180,220,250,470,770,920,920,920
POST,00c_PostCard,211,0,120.0,170.49919763033222,47.34390000000133,924.0550000000098,33.0,0.3509820603939969,0.0,120,160,180,190,250,530,620,740,920,920,920
GET,01_Home,127923,0,120.0,121.20527783354052,15.014800000002992,1609.1516000000042,8649.0,212.7899436577311,0.0,120,130,140,150,170,180,210,230,790,1500,1600
POST,03_AddToCart,127888,0,230.0,235.06562748185954,27.561600000005626,2021.4672999999975,0.0,212.73172388467995,0.0,230,250,270,270,300,320,360,410,1000,1600,2000
POST,04_Checkout,127790,0,370.0,375.1805767149229,44.82980000000225,1895.0265000000002,592.0,212.56870852013677,0.0,370,410,430,450,490,540,590,650,1200,1900,1900
DELETE,05_CleanupCart,127750,0,160.0,167.8362017823876,24.537800000004495,13051.086899999998,0.0,212.50217163664976,0.0,160,180,190,200,220,240,270,300,860,1500,13000
,Aggregated,511984,0,190.0,224.76046324416333,15.014800000002992,13051.086899999998,2308.819408419013,851.6454938803796,0.0,190,250,290,320,400,450,520,570,1000,1600,13000
